CLASE;MARCA;MODELO
901;1;36
901;1;45
901;1;47
901;1;49
901;1;53
901;2;46
901;2;52
901;2;53
901;2;55
901;2;56
901;2;57
901;3;42
901;3;50
901;3;57
901;3;60
901;3;61
901;3;62
901;3;63
901;3;64
901;4;46
901;4;53
901;4;60
901;4;61
901;4;63
901;4;64
901;4;65
901;4;66
901;5;46
901;5;50
901;5;53
901;5;54
901;5;55
901;5;56
901;6;48
901;6;49
901;6;50
901;6;51
901;6;52
901;6;53
901;7;21
901;9;28
901;9;30
901;9;31
901;9;32
901;9;33
901;9;35
901;9;36
901;9;37
901;9;38
901;9;39
901;10;29
901;10;31
901;10;32
901;10;33
901;10;37
901;10;38
901;10;39
901;10;40
901;10;41
901;12;17
901;12;26
901;12;28
901;12;29
901;12;30
901;12;31
901;12;32
901;12;34
901;12;41
901;12;42
901;12;43
901;12;44
901;12;45
901;22;1
901;23;17
901;24;16
901;24;17
901;25;25
901;25;26
901;25;27
901;28;15
901;28;18
901;28;21
901;28;30
901;28;32
901;28;33
901;28;37
901;28;42
901;28;43
901;28;44
901;29;27
901;29;33
901;29;34
901;29;35
901;31;22
901;31;25
901;31;26
901;31;33
901;31;34
901;31;35
901;31;36
901;32;15
901;32;16
901;32;17
901;32;19
901;32;20
901;32;21
901;32;23
901;32;24
901;33;18
901;33;19
901;33;20
901;33;21
901;33;22
901;33;23
901;33;24
901;52;6
901;52;7
901;52;8
901;52;9
901;52;10
901;52;11
901;52;12
901;109;4
901;109;5
901;109;6
901;117;1
901;117;2
901;117;3
901;119;1
907;1;2
907;1;5
907;2;3
907;2;5
907;2;6
907;3;2
907;3;3
907;4;4
907;4;6
907;4;7
907;4;8
907;5;13
907;5;14
907;5;15
907;6;12
907;6;15
907;6;16
907;6;17
907;7;1
907;9;2
907;9;3
907;9;4
907;10;17
907;10;18
907;10;19
907;10;20
907;10;21
907;12;3
907;12;7
907;12;8
907;12;9
907;13;10
907;13;12
907;13;15
907;13;16
907;13;19
907;13;20
907;13;21
907;13;22
907;22;2
907;22;4
907;22;5
907;23;11
907;23;12
907;23;14
907;24;7
907;24;8
907;24;9
907;25;8
907;25;9
907;25;10
907;25;11
907;27;11
907;27;13
907;27;14
907;28;2
907;28;11
907;28;12
907;28;13
907;28;16
907;28;17
907;28;18
907;28;19
907;28;20
907;28;22
907;29;11
907;29;12
907;29;13
907;29;14
907;29;15
907;29;16
907;29;18
907;31;5
907;31;7
907;31;8
907;31;9
907;31;10
907;31;12
907;31;13
907;31;15
907;31;16
907;31;17
907;31;18
907;31;19
907;32;8
907;32;10
907;33;15
907;33;16
907;33;17
907;36;10
907;51;2
907;51;3
907;51;4
907;51;5
907;52;5
907;52;6
907;52;7
907;52;8
907;52;9
907;75;1
907;75;2
907;109;2
907;109;3
907;109;4
907;109;5
907;109;6
907;109;7
907;116;1
907;116;3
907;119;3
907;119;4
907;119;5
907;119;6
907;120;1
907;121;1
907;121;2
907;121;3
907;121;4
907;122;1
907;122;2
907;123;1
907;123;2
907;123;4
907;125;1
907;127;1
